price,details,name
40000 DA Offert,samsung-a-70-8g-ram-128-alger-souidania-algerie-téléphones-d26053814?utm_medium=listing,Samsung A 70 8G RAM 128
29000 DA Fixe,samsung-galaxy-a50-alger-bordj-el-kiffan-algerie-téléphones-d26868535?utm_medium=listing,Samsung Galaxy A50
3500 DA Négociable,lg-j420-alger-mohammadia-algerie-téléphones-d26868531?utm_medium=listing,LG J420
43900 DA Fixe,realme-7-global-8g-128g-5000mah-alger-hussein-dey-algerie-téléphones-d25749705?utm_medium=listing,Realme 7 Global 8G 128G 5000mAh
34900 DA Fixe,oppo-2020-a31-4g-128g-4230mah-alger-hussein-dey-algerie-téléphones-d25180184?utm_medium=listing,Oppo 2020 A31 4G 128G 4230mAh
25000 DA Négociable,samsung-galaxy-m11-oran-algerie-téléphones-d26868506?utm_medium=listing,Samsung Galaxy M11
109000 DA Fixe,xiaomi-black-shark-3-5g-12g-256-alger-hussein-dey-algerie-téléphones-d25448876?utm_medium=listing,Xiaomi Black Shark 3 5G 12G 256
60000 DA Fixe,xiaomi-mi-11-lite-6-128-alger-hussein-dey-algerie-téléphones-d26675192?utm_medium=listing,Xiaomi Xiaomi Mi 11 Lite 6 128 
54500 DA Fixe,xiaomi-poco-x3-pro-8gb-256gb-alger-hussein-dey-algerie-téléphones-d26593166?utm_medium=listing,Xiaomi Poco X3 PRO 8Gb 256Gb 
48500 DA Fixe,xiaomi-poco-x3-pro-6gb-128gb-alger-hussein-dey-algerie-téléphones-d26593065?utm_medium=listing,Xiaomi Poco X3 PRO 6Gb 128Gb 
69900 DA Fixe,xiaomi-mi-note-10-lite-6-128-alger-hussein-dey-algerie-téléphones-d26001579?utm_medium=listing,Xiaomi Mi Note 10 Lite  6 -128
38900 DA Fixe,xiaomi-redmi-note-8-pro-6g-128g-alger-hussein-dey-algerie-téléphones-d21140338?utm_medium=listing,Xiaomi Redmi Note 8 Pro 6G 128G
35 DA Négociable,samsung-galaxy-m21-oran-algerie-téléphones-d26868464?utm_medium=listing,Samsung Galaxy M21
49000 DA Fixe,poco-x3-pro-constantine-algerie-téléphones-d26868337?utm_medium=listing,Poco  X3 pro
54000 DA Négociable,oneplus-6t-alger-centre-algerie-téléphones-d26868273?utm_medium=listing,OnePlus 6T
68000 DA Négociable,apple-iphone-xr-duos-constantine-algerie-téléphones-d26868200?utm_medium=listing,Apple iPhone Xr Duos
19900 DA Fixe,realme-c11-coffret-alger-ain-naadja-algerie-téléphones-d26868192?utm_medium=listing,Realme Realme C11 Coffret
58000 DA Négociable,samsung-galaxy-a71-boumerdes-khemis-el-khechna-algerie-téléphones-d26868173?utm_medium=listing,Samsung Galaxy A71
52 DA Négociable,xiaomi-poco-x3-pro-8-256-bouira-algerie-téléphones-d26868115?utm_medium=listing,Xiaomi POCO X3 PRO 8/256 
21500 DA Négociable,huawei-honor-9-lite-bouira-lakhdaria-algerie-téléphones-d26868109?utm_medium=listing,Huawei Honor 9 Lite
52000 DA Négociable,apple-iphone-7plus-alger-kouba-algerie-téléphones-d26868107?utm_medium=listing,Apple iPhone 7plus
5000 DA Fixe,lg-a290-alger-centre-algerie-téléphones-d26682441?utm_medium=listing,LG Lg-a290
54000 DA Fixe,xiaomi-poco-x3-pro-8-256-gb-alger-bab-ezzouar-kouba-algerie-téléphones-d26868071?utm_medium=listing,Xiaomi Poco X3 Pro8/256 GB
52000 DA Négociable,apple-iphone-7plus-alger-kouba-algerie-téléphones-d26868070?utm_medium=listing,Apple iPhone 7plus
53000 DA Négociable,xiaomi-redmi-note-10-pro-jijel-taher-algerie-téléphones-d26868031?utm_medium=listing,Xiaomi Redmi Note 10 Pro
15000 DA Fixe,lenovo-vibe-alger-bordj-el-bahri-algerie-téléphones-d26868029?utm_medium=listing,Lenovo Vibe
23000 DA Fixe,sony-xperia-xz2-alger-bouzareah-algerie-téléphones-d26857975?utm_medium=listing,Sony Xperia XZ2
15000 DA Fixe,lenovo-vibe-alger-bordj-el-bahri-algerie-téléphones-d26867979?utm_medium=listing,Lenovo Vibe
26000 DA Négociable,xiaomi-redmi-9-medea-ksar-boukhari-algerie-téléphones-d26867942?utm_medium=listing,Xiaomi Redmi 9
18000 DA Fixe,infinix-hot-10-lite-alger-el-magharia-algerie-téléphones-d26867917?utm_medium=listing,Infinix Hot 10 Lite
26000 DA Négociable,xiaomi-redmi-9-jijel-taher-algerie-téléphones-d26867903?utm_medium=listing,Xiaomi Redmi 9
50000 DA Négociable,xiaomi-poco-x3-pro-medea-ksar-boukhari-algerie-téléphones-d26867901?utm_medium=listing,Xiaomi Poco X3 Pro
25000 DA Fixe,samsung-galaxy-tab-a-2016-chlef-algerie-téléphones-d26867897?utm_medium=listing,Samsung Galaxy tab A 2016
69000 DA Négociable,samsung-galaxy-note-9-bejaia-algerie-téléphones-d26705127?utm_medium=listing,Samsung galaxy note 9
139000 DA Fixe,lenovo-legion-2-pro-alger-staoueli-algerie-téléphones-d26699543?utm_medium=listing,Lenovo legion 2 pro
73000 DA Fixe,apple-ipad-8-th-gÉn-32g-wifi-alger-bab-ezzouar-algerie-téléphones-d25924271?utm_medium=listing,Apple iPad 8 TH GÉN 32G WIFI
97000 DA Fixe,apple-xs-max-64g-neuf-alger-bab-ezzouar-algerie-téléphones-d26725238?utm_medium=listing,Apple XS MAX 64G  NEUF
198000 DA Fixe,apple-ipad-pro-12-9-2020-alger-bab-ezzouar-algerie-téléphones-d25086464?utm_medium=listing,Apple iPad Pro 12.9 (2020)
121000 DA Fixe,apple-ipad-air-4-th-gen-wifi-alger-bab-ezzouar-algerie-téléphones-d26558183?utm_medium=listing,Apple IPAD AIR 4 TH GEN WIFI
86000 DA Fixe,apple-ipad-5-mini-alger-ouled-fayet-algerie-téléphones-d26778036?utm_medium=listing,Apple Ipad 5 mini
42000 DA Fixe,apple-iphone-8-alger-ouled-fayet-algerie-téléphones-d26867374?utm_medium=listing,Apple iPhone 8
120000 DA Fixe,samsung-galaxy-s20-5g-alger-ouled-fayet-algerie-téléphones-d26867356?utm_medium=listing,Samsung Galaxy S20+ 5G
146000 DA Fixe,apple-iphone-12-alger-ouled-fayet-algerie-téléphones-d26622441?utm_medium=listing,Apple iPhone 12
159000 DA Fixe,samsung-note-20-ultra-5g-alger-ouled-fayet-algerie-téléphones-d26778105?utm_medium=listing,Samsung Note 20 ultra 5g
16000 DA Fixe,samsung-galaxy-m01-core-alger-bab-ezzouar-algerie-téléphones-d26867279?utm_medium=listing,Samsung Galaxy M01 Core
92000 DA Fixe,samsung-galaxy-s20-fe-alger-ouled-fayet-algerie-téléphones-d26690638?utm_medium=listing,Samsung Galaxy S20 FE
159000 DA Fixe,asus-rog-phone-5-16-256-alger-staoueli-algerie-téléphones-d26673370?utm_medium=listing,Asus ROG PHONE 5 16/256 
49500 DA Fixe,oppo-a93-alger-ouled-fayet-algerie-téléphones-d26867239?utm_medium=listing,Oppo A93
34 DA Fixe,xiaomi-redmi-note-10-blida-el-affroun-algerie-téléphones-d26568949?utm_medium=listing,Xiaomi Redmi Note 10
20000 DA Négociable,samsung-galaxy-j7-alger-sidi-moussa-algerie-téléphones-d26707728?utm_medium=listing,Samsung Galaxy J7
1 DA Fixe,oppo-f11-tlemcen-mansourah-algerie-téléphones-d26772037?utm_medium=listing,Oppo f11
